{
  "0": [
    {
      "id": "0.1",
      "name": "Item One",
      "description": "Description of item zero dot one.",
      "link": {
        "href": "#datasets",
        "label": "Application datasets"
      }
    },
    {
      "id": "0.2",
      "name": "Item Two",
      "description": "Description of item zero dot two.",
      "link": {
        "href": "#datasets",
        "label": "Application datasets"
      }
    }
  ],
  "1": [
    {
      "id": "1.1",
      "name": "Item One",
      "description": "Description of item one dot one.",
      "link": {
        "href": "#datasets",
        "label": "Application datasets"
      }
    },
    {
      "id": "1.2",
      "name": "Item Two",
      "description": "Description of item one dot two.",
      "link": {
        "href": "#datasets",
        "label": "Application datasets"
      }
    }
  ]
}
