{
  "0": {
    "in": {
      "vid": ["123456789"],
      "vuuid": ["987654321987654321987654321987654321987654321"],
      "vtype": ["QWERTY"]
    },
    "edge": {
      "esource": "KBKATEKSV",
      "etype": "USER_HAS_MACHINE",
      "euuid": "123456789123456789123456789123456789123456789123456789",
      "daysobserved": {
        "2023-11-06": 34
      },
      "ecount": 56,
      "firstseen": "2023-11-06",
      "lastseen": "2023-11-06"
    },
    "out": {
      "vid": ["321654987654"],
      "vuuid": ["123456789123457891234567891234578912345678912345789"],
      "vtype": ["HAKRKMWXA"]
    }
  },
  "1": {
    "in": {
      "vid": ["987654321"],
      "vuuid": ["4423606243134900165275274344538851550914504135"],
      "vtype": ["ZXCV"]
    },
    "edge": {
      "esource": "HLOOXEYGI",
      "etype": "USER_HAS_MACHINE",
      "euuid": "7789626648736333485984235900377029070441545344",
      "daysobserved": {
        "2023-12-13": 67
      },
      "ecount": 57,
      "firstseen": "2023-11-06",
      "lastseen": "2023-11-06"
    },
    "out": {
      "vid": ["321654987654"],
      "vuuid": ["3515512107542643908952242422663014245990637866"],
      "vtype": ["XLKCPUVRQ"]
    }
  },
  "2": {
    "in": {
      "vid": ["321654987"],
      "vuuid": ["2778920176976969768602535993582931696715982626"],
      "vtype": ["ZLABZWBVV"]
    },
    "edge": {
      "esource": "DEQNIDCGZ",
      "etype": "USER_HAS_MACHINE",
      "euuid": "8344034595035211994993528446077231686455347568",
      "daysobserved": {
        "2024-01-10": 617
      },
      "ecount": 563,
      "firstseen": "2023-11-06",
      "lastseen": "2023-11-06"
    },
    "out": {
      "vid": ["321654987654"],
      "vuuid": ["123456789123457891234567891234578912345678912345789"],
      "vtype": ["ZTKPLZSPA"]
    }
  },
  "3": {
    "in": {
      "vid": ["789456123"],
      "vuuid": ["8001609662308604113696652954944992588257660185"],
      "vtype": ["GIPFQNOBJ"]
    },
    "edge": {
      "esource": "DKRGOPCVM",
      "etype": "USER_HAS_MACHINE",
      "euuid": "6558429722690368966427586076216160723364202808",
      "daysobserved": {
        "2024-01-11": 47
      },
      "ecount": 8,
      "firstseen": "2023-11-06",
      "lastseen": "2023-11-06"
    },
    "out": {
      "vid": ["321654987654"],
      "vuuid": ["4375407183376770713387195881500406226687392742"],
      "vtype": ["UBBJRGXBG"]
    }
  },
  "4": {
    "in": {
      "vid": ["654987321"],
      "vuuid": ["7073149866586233902112210942323638113437038758"],
      "vtype": ["UOXRCMJLM"]
    },
    "edge": {
      "esource": "QMCVKGFWJ",
      "etype": "USER_HAS_MACHINE",
      "euuid": "9763638159803657783213580894318524616977400262",
      "daysobserved": {
        "2024-01-12": 68
      },
      "ecount": 39,
      "firstseen": "2023-11-06",
      "lastseen": "2023-11-06"
    },
    "out": {
      "vid": ["321654987654"],
      "vuuid": ["7434453885155091450413544236062431349001652752"],
      "vtype": ["OMVFQAMFZ"]
    }
  },
  "5": {
    "in": {
      "vid": ["456789123"],
      "vuuid": ["3590037702907044154534477896266487363334859842"],
      "vtype": ["WAVCAZDPB"]
    },
    "edge": {
      "esource": "UBEQINZCF",
      "etype": "USER_HAS_MACHINE",
      "euuid": "4242266301424599063786635155121075426439089522",
      "daysobserved": {
        "2024-01-13": 76
      },
      "ecount": 65,
      "firstseen": "2023-11-06",
      "lastseen": "2023-11-06"
    },
    "out": {
      "vid": ["321654987654"],
      "vuuid": ["3599358293169671598262627789201769769697686025"],
      "vtype": ["KOJTYOXIU"]
    }
  },
  "6": {
    "in": {
      "vid": ["159753456"],
      "vuuid": ["2844607723168645534756883440345950352119949935"],
      "vtype": ["WEFPHFCFW"]
    },
    "edge": {
      "esource": "KAAPVMFHE",
      "etype": "USER_HAS_MACHINE",
      "euuid": "5295494499258825766018580016096623086041136966",
      "daysobserved": {
        "2024-01-14": 569
      },
      "ecount": 953,
      "firstseen": "2023-11-06",
      "lastseen": "2023-11-06"
    },
    "out": {
      "vid": ["321654987654"],
      "vuuid": ["8607621616072336420280865584297226903689664275"],
      "vtype": ["GHCFFGMSI"]
    }
  },
  "7": {
    "in": {
      "vid": ["753159456"],
      "vuuid": ["9588150040622668739274243754071833767707133871"],
      "vtype": ["QWERTY"]
    },
    "edge": {
      "esource": "KOUYGVQDG",
      "etype": "USER_HAS_MACHINE",
      "euuid": "1094232363811343703875870731498665862339021122",
      "daysobserved": {
        "2024-01-15": 46
      },
      "ecount": 46,
      "firstseen": "2023-11-06",
      "lastseen": "2023-11-06"
    },
    "out": {
      "vid": ["321654987654"],
      "vuuid": ["8089431852461697740026297636381598036577832135"],
      "vtype": ["GCVPXIOWW"]
    }
  },
  "8": {
    "in": {
      "vid": ["147258369"],
      "vuuid": ["9604309164896480687549480512529421023187026053"],
      "vtype": ["QWERTY"]
    },
    "edge": {
      "esource": "WIOBLGHFI",
      "etype": "USER_HAS_MACHINE",
      "euuid": "3082304737607917191202840326112620033260798243",
      "daysobserved": {
        "2024-01-16": 987
      },
      "ecount": 545,
      "firstseen": "2023-11-06",
      "lastseen": "2023-11-06"
    },
    "out": {
      "vid": ["321654987654"],
      "vuuid": ["9458156307267317296130524790199445254241483088"],
      "vtype": ["ASDF"]
    }
  },
  "9": {
    "in": {
      "vid": ["963852741"],
      "vuuid": ["1660616865506012150594630243006438031720522652"],
      "vtype": ["QWERTY"]
    },
    "edge": {
      "esource": "ZJUTFDBGI",
      "etype": "USER_HAS_MACHINE",
      "euuid": "8789134082021952204289713926532915503865770609",
      "daysobserved": {
        "2024-01-17": 57
      },
      "ecount": 85,
      "firstseen": "2023-11-06",
      "lastseen": "2023-11-06"
    },
    "out": {
      "vid": ["321654987654"],
      "vuuid": ["9784124199572531901424063961929402313340792087"],
      "vtype": ["ASDF"]
    }
  },
  "10": {
    "in": {
      "vid": ["369258147"],
      "vuuid": ["7575417294593235365999646821938419910057215795"],
      "vtype": ["QWERTY"]
    },
    "edge": {
      "esource": "XWMJBGDEN",
      "etype": "USER_HAS_MACHINE",
      "euuid": "3616341044840471532296031549569804960394756812",
      "daysobserved": {
        "2024-01-18": 46
      },
      "ecount": 8,
      "firstseen": "2023-11-06",
      "lastseen": "2023-11-06"
    },
    "out": {
      "vid": ["321654987654"],
      "vuuid": ["9252876166826107145890810311796973016546177818"],
      "vtype": ["ASDF"]
    }
  }
}
