{
  "0": {
    "actionability": "A",
    "org": "org01",
    "latest_load_date": "2023-03-19",
    "data_type": "type01",
    "dataset": "dataset01",
    "total_comms": "604958413",
    "earliest_load_date": "2020-06-06",
    "total_corrs": "24123266",
    "status": "Active",
    "is_out_of_date": "true",
    "asdf_id": "10245"
  },
  "1": {
    "actionability": "A",
    "org": "org01",
    "latest_load_date": "2023-03-19",
    "data_type": "type01",
    "dataset": "dataset01",
    "total_comms": "604958413",
    "earliest_load_date": "2020-06-06",
    "total_corrs": "24123266",
    "status": "Active",
    "is_out_of_date": "true",
    "asdf_id": "10245"
  },
  "2": {
    "actionability": "A",
    "org": "org01",
    "latest_load_date": "2023-03-19",
    "data_type": "type01",
    "dataset": "dataset01",
    "total_comms": "604958413",
    "earliest_load_date": "2020-06-06",
    "total_corrs": "24123266",
    "status": "Active",
    "is_out_of_date": "true",
    "asdf_id": "10245"
  },
  "3": {
    "actionability": "A",
    "org": "org01",
    "latest_load_date": "2023-03-19",
    "data_type": "type01",
    "dataset": "dataset01",
    "total_comms": "604958413",
    "earliest_load_date": "2020-06-06",
    "total_corrs": "24123266",
    "status": "Active",
    "is_out_of_date": "true",
    "asdf_id": "10245"
  }
  ,
  "4": {
    "actionability": "A",
    "org": "org01",
    "latest_load_date": "2023-03-19",
    "data_type": "type01",
    "dataset": "dataset01",
    "total_comms": "604958413",
    "earliest_load_date": "2020-06-06",
    "total_corrs": "24123266",
    "status": "Active",
    "is_out_of_date": "true",
    "asdf_id": "10245"
  },
  "5": {
    "actionability": "A",
    "org": "org01",
    "latest_load_date": "2023-03-19",
    "data_type": "type01",
    "dataset": "dataset01",
    "total_comms": "604958413",
    "earliest_load_date": "2020-06-06",
    "total_corrs": "24123266",
    "status": "Active",
    "is_out_of_date": "true",
    "asdf_id": "10245"
  }
}