{
  "What's in this app?": [
    {
      "question": "What was included in the latest release?",
      "answer": "All of the release notes for this app's frequent updates can be found on the following Confluence page:",
      "link": {
        "href": "https://atlassian.com/software/confluence",
        "label": "App Release Notes"
      }
    },
    {
      "question": "What was included in the latest release?",
      "answer": "All of the release notes for this app's frequent updates can be found on the following Confluence page:",
      "link": {
        "href": "https://atlassian.com/software/confluence",
        "label": "App Release Notes"
      }
    },
    {
      "question": "What was included in the latest release?",
      "answer": "All of the release notes for this app's frequent updates can be found on the following Confluence page:",
      "link": {
        "href": "https://atlassian.com/software/confluence",
        "label": "App Release Notes"
      }
    },
    {
      "question": "What was included in the latest release?",
      "answer": "All of the release notes for this app's frequent updates can be found on the following Confluence page:"
    },
    {
      "question": "What was included in the latest release?",
      "answer": "All of the release notes for this app's frequent updates can be found on the following Confluence page:"
    }
  ],
  "Interpreting Query Results": [
    {
      "question": "Question 01",
      "answer": "Answer 01"
    },
    {
      "question": "Question 02",
      "answer": "Answer 02"
    },
    {
      "question": "Question 03",
      "answer": "Answer 03"
    },
    {
      "question": "Question 04",
      "answer": "Answer 04"
    },
    {
      "question": "Question 05",
      "answer": "Answer 05"
    }
  ],
  "App API": [
    {
      "question": "Question 01",
      "answer": "Answer 01"
    },
    {
      "question": "Question 02",
      "answer": "Answer 02"
    },
    {
      "question": "Question 03",
      "answer": "Answer 03"
    },
    {
      "question": "Question 04",
      "answer": "Answer 04"
    },
    {
      "question": "Question 05",
      "answer": "Answer 05"
    }
  ]
}
