{
  "0": {
    "system": null,
    "attempts": 0.0,
    "auth": {
      "datasets": "dataset01, dataset02, dataset03, dataset04, dataset05, dataset06, dataset07, dataset08, dataset09, dataset10",
      "org": "org01",
      "user": "user01"
    },
    "class": null,
    "delete": null,
    "failures": 1.0,
    "index": "searchJob",
    "inputs": 1.0,
    "job": "20240416184555",
    "job_key": "job:20240416184555",
    "matches": 0.0,
    "model_name": "meta",
    "org": "org02",
    "send_email": false,
    "status": "FAILED",
    "started": "2024-04-16T22:45:55.649338+00:00",
    "stopped": "2024-04-16T22:46:26.266405+00:00",
    "subscription": null,
    "successes": 0.0,
    "thumb": null,
    "title": null,
    "updated": "2024-04-16T22:46:26.335595+00:00",
    "user": "user02"
  },
  "1": {
    "system": null,
    "attempts": 0.0,
    "auth": {
      "datasets": "dataset01, dataset02, dataset03, dataset04, dataset05, dataset06, dataset07, dataset08, dataset09, dataset10",
      "org": "org01",
      "user": "user01"
    },
    "class": null,
    "delete": null,
    "failures": 1.0,
    "index": "searchJob",
    "inputs": 1.0,
    "job": "20240416184555",
    "job_key": "job:20240416184555",
    "matches": 0.0,
    "model_name": "meta",
    "org": "org02",
    "send_email": false,
    "status": "FAILED",
    "started": "2024-04-16T22:45:55.649338+00:00",
    "stopped": "2024-04-16T22:46:26.266405+00:00",
    "subscription": null,
    "successes": 0.0,
    "thumb": null,
    "title": null,
    "updated": "2024-04-16T22:46:26.335595+00:00",
    "user": "user02"
  },
  "2": {
    "system": null,
    "attempts": 0.0,
    "auth": {
      "datasets": "dataset01, dataset02, dataset03, dataset04, dataset05, dataset06, dataset07, dataset08, dataset09, dataset10",
      "org": "org01",
      "user": "user01"
    },
    "class": null,
    "delete": null,
    "failures": 1.0,
    "index": "searchJob",
    "inputs": 1.0,
    "job": "20240416184555",
    "job_key": "job:20240416184555",
    "matches": 0.0,
    "model_name": "meta",
    "org": "org02",
    "send_email": false,
    "status": "FAILED",
    "started": "2024-04-16T22:45:55.649338+00:00",
    "stopped": "2024-04-16T22:46:26.266405+00:00",
    "subscription": null,
    "successes": 0.0,
    "thumb": null,
    "title": null,
    "updated": "2024-04-16T22:46:26.335595+00:00",
    "user": "user02"
  },
  "3": {
    "system": null,
    "attempts": 0.0,
    "auth": {
      "datasets": "dataset01, dataset02, dataset03, dataset04, dataset05, dataset06, dataset07, dataset08, dataset09, dataset10",
      "org": "org01",
      "user": "user01"
    },
    "class": null,
    "delete": null,
    "failures": 1.0,
    "index": "searchJob",
    "inputs": 1.0,
    "job": "20240416184555",
    "job_key": "job:20240416184555",
    "matches": 0.0,
    "model_name": "meta",
    "org": "org02",
    "send_email": false,
    "status": "FAILED",
    "started": "2024-04-16T22:45:55.649338+00:00",
    "stopped": "2024-04-16T22:46:26.266405+00:00",
    "subscription": null,
    "successes": 0.0,
    "thumb": null,
    "title": null,
    "updated": "2024-04-16T22:46:26.335595+00:00",
    "user": "user02"
  },
  "4": {
    "system": null,
    "attempts": 0.0,
    "auth": {
      "datasets": "dataset01, dataset02, dataset03, dataset04, dataset05, dataset06, dataset07, dataset08, dataset09, dataset10",
      "org": "org01",
      "user": "user01"
    },
    "class": null,
    "delete": null,
    "failures": 1.0,
    "index": "searchJob",
    "inputs": 1.0,
    "job": "20240416184555",
    "job_key": "job:20240416184555",
    "matches": 0.0,
    "model_name": "meta",
    "org": "org02",
    "send_email": false,
    "status": "FAILED",
    "started": "2024-04-16T22:45:55.649338+00:00",
    "stopped": "2024-04-16T22:46:26.266405+00:00",
    "subscription": null,
    "successes": 0.0,
    "thumb": null,
    "title": null,
    "updated": "2024-04-16T22:46:26.335595+00:00",
    "user": "user02"
  },
  "5": {
    "system": null,
    "attempts": 0.0,
    "auth": {
      "datasets": "dataset01, dataset02, dataset03, dataset04, dataset05, dataset06, dataset07, dataset08, dataset09, dataset10",
      "org": "org01",
      "user": "user01"
    },
    "class": null,
    "delete": null,
    "failures": 1.0,
    "index": "searchJob",
    "inputs": 1.0,
    "job": "20240416184555",
    "job_key": "job:20240416184555",
    "matches": 0.0,
    "model_name": "meta",
    "org": "org02",
    "send_email": false,
    "status": "FAILED",
    "started": "2024-04-16T22:45:55.649338+00:00",
    "stopped": "2024-04-16T22:46:26.266405+00:00",
    "subscription": null,
    "successes": 0.0,
    "thumb": null,
    "title": null,
    "updated": "2024-04-16T22:46:26.335595+00:00",
    "user": "user02"
  }
}
